{"QRNN-ASNN-PF": 699.564308853891, "QRNN-basic-PF": 786.7741452002319, "QRNN-rnd-PF": 531.7442994522837, "QRNN-RS": 539.2867717849402, "50NN-ASNN-PF": 794.0577574850724, "50NN-basic-PF": 140.94995171651848, "50NN-rnd-PF": 1458.525587327452, "50NN-RS": 798.7949604804032, "MSENN-ASNN-PF": 829.5598565236601, "MSENN-basic-PF": 714.177848998413, "MSENN-rnd-PF": 841.4761170440642, "MSENN-RS": 954.7481343265354, "QRNN-ASNN-CEM": 825.9007204258875, "QRNN-basic-CEM": 1055.7104243115155, "QRNN-rnd-CEM": 852.7707781109763, "50NN-ASNN-CEM": 565.9211272096335, "50NN-basic-CEM": 146.33067575415166, "50NN-rnd-CEM": 363.4528855298854, "MSENN-ASNN-CEM": 838.7160822749654, "MSENN-basic-CEM": 841.3561473399161, "MSENN-rnd-CEM": 1137.7806857601727, "DQN": 218.6291888614652, "IV-DQN": 1869.1252113102416, "QR-DQN": 22378.25805826321, "A2C": 4120.315299423901, "PPO": 3158.1852999608636}