{"QRNN-ASNN-PF": 59305.333333333336, "QRNN-basic-PF": 59243.666666666664, "QRNN-rnd-PF": 59424.0, "QRNN-RS": 59418.666666666664, "50NN-ASNN-PF": 59216.166666666664, "50NN-basic-PF": 2591.3333333333335, "50NN-rnd-PF": 58768.666666666664, "50NN-RS": 59235.166666666664, "MSENN-ASNN-PF": 59120.666666666664, "MSENN-basic-PF": 59295.0, "MSENN-rnd-PF": 59091.833333333336, "MSENN-RS": 59104.0, "QRNN-ASNN-CEM": 59216.0, "QRNN-basic-CEM": 59053.5, "QRNN-rnd-CEM": 59197.0, "50NN-ASNN-CEM": 59399.833333333336, "50NN-basic-CEM": 3192.0, "50NN-rnd-CEM": 59543.0, "MSENN-ASNN-CEM": 58903.0, "MSENN-basic-CEM": 59156.0, "MSENN-rnd-CEM": 58964.666666666664, "DQN": 17194.333333333332, "IV-DQN": 22942.166666666668, "QR-DQN": 36698.833333333336, "A2C": 26731.0, "PPO": 40018.166666666664}