{"QRNN-ASNN-PF": -59800.0, "QRNN-basic-PF": -59800.0, "QRNN-rnd-PF": -59800.0, "QRNN-RS": -59800.0, "50NN-ASNN-PF": -59800.0, "50NN-basic-PF": -59800.0, "50NN-rnd-PF": -59800.0, "50NN-RS": -59800.0, "MSENN-ASNN-PF": -59800.0, "MSENN-basic-PF": -59800.0, "MSENN-rnd-PF": -59800.0, "MSENN-RS": -59800.0, "QRNN-ASNN-CEM": -59800.0, "QRNN-basic-CEM": -59800.0, "QRNN-rnd-CEM": -59800.0, "50NN-ASNN-CEM": -59800.0, "50NN-basic-CEM": -59800.0, "50NN-rnd-CEM": -59800.0, "MSENN-ASNN-CEM": -59800.0, "MSENN-basic-CEM": -59800.0, "MSENN-rnd-CEM": -59800.0, "DQN": -55685.666666666664, "IV-DQN": -57488.5, "QR-DQN": -47409.166666666664, "A2C": -59800.0, "PPO": -59800.0}