{"QRNN-ASNN-PF": 866.417830148399, "QRNN-basic-PF": 1063.2981584531874, "QRNN-rnd-PF": 1032.7500507085913, "QRNN-RS": 768.1569230420541, "50NN-ASNN-PF": 1299.341871609438, "50NN-basic-PF": 644.3645742017762, "50NN-rnd-PF": 1239.6622410720574, "50NN-RS": 1139.5469575083996, "MSENN-ASNN-PF": 895.664237151592, "MSENN-basic-PF": 853.9430215128707, "MSENN-rnd-PF": 935.9169278116111, "MSENN-RS": 766.9853399010655, "QRNN-ASNN-CEM": 750.4393117994142, "QRNN-basic-CEM": 669.2737562586032, "QRNN-rnd-CEM": 828.8993284696521, "50NN-ASNN-CEM": 837.8903188361816, "50NN-basic-CEM": 642.0328962422341, "50NN-rnd-CEM": 1227.0280564477384, "MSENN-ASNN-CEM": 901.6969958079918, "MSENN-basic-CEM": 649.0744772875989, "MSENN-rnd-CEM": 744.8001966651428, "A2C": 131.86194164964, "PPO": 71.94188444513672, "DDPG": 24.350061017255292, "SAC": 29.33087167551198, "TD3": 26.148195613440254, "TQC": 130.08648066017562, "MPPI": 0.0, "CEM": 628.4117945578469, "iCEM": 420.8055781981112, "GP-MPC": 656.8339902986598}