{"QRNN-ASNN-PF": -6172.801149468093, "QRNN-basic-PF": -5461.670969136059, "QRNN-rnd-PF": -5998.032931765076, "QRNN-RS": -4728.8781929338975, "50NN-ASNN-PF": -5949.080689885343, "50NN-basic-PF": -2980.1375070040426, "50NN-rnd-PF": -5920.726229739065, "50NN-RS": -4814.7501164867235, "MSENN-ASNN-PF": -3412.187638423095, "MSENN-basic-PF": -3462.592897353073, "MSENN-rnd-PF": -3423.9602624004087, "MSENN-RS": -3244.8494612649083, "QRNN-ASNN-CEM": -4983.105435233873, "QRNN-basic-CEM": -3087.1118934564292, "QRNN-rnd-CEM": -4573.323760117714, "50NN-ASNN-CEM": -4707.739999838639, "50NN-basic-CEM": -2981.9192022631564, "50NN-rnd-CEM": -5167.367705406311, "MSENN-ASNN-CEM": -3306.6635164643326, "MSENN-basic-CEM": -3047.5077287840345, "MSENN-rnd-CEM": -3300.4509124296405, "A2C": -2495.0794459999997, "PPO": -2485.1985125, "DDPG": -2444.5234815, "SAC": -2431.285711666667, "TD3": -2374.539339666667, "TQC": -2315.129349, "MPPI": -3699.135614797473, "CEM": -3077.3181779409447, "iCEM": -3236.2014223526544, "GP-MPC": -3025.1903643508754}